[
  {
    "bookId": 1,
    "title": "The Great Gatsby",
    "author": "F. Scott Fitzgerald",
    "publisher": "Charles Scribner's Sons",
    "ISBN": "9780743273565",
    "categories": "Classic, Fiction, American Literature",
    "cover_image": "https://example.com/covers/the-great-gatsby.jpg"
  },
  {
    "bookId": 2,
    "title": "1984",
    "author": "George Orwell",
    "publisher": "Secker & Warburg",
    "ISBN": "9780451524935",
    "categories": "Dystopian, Science Fiction, Political Fiction",
    "cover_image": "https://example.com/covers/1984.jpg"
  },
  {
    "bookId": 3,
    "title": "To Kill a Mockingbird",
    "author": "Harper Lee",
    "publisher": "J.B. Lippincott & Co.",
    "ISBN": "9780061120084",
    "categories": "Classic, Historical, Legal Drama",
    "cover_image": "https://example.com/covers/to-kill-a-mockingbird.jpg"
  },
  {
    "bookId": 4,
    "title": "The Catcher in the Rye",
    "author": "J.D. Salinger",
    "publisher": "Little, Brown and Company",
    "ISBN": "9780316769488",
    "categories": "Classic, Fiction, Coming-of-Age",
    "cover_image": "https://example.com/covers/the-catcher-in-the-rye.jpg"
  },
  {
    "bookId": 5,
    "title": "Pride and Prejudice",
    "author": "Jane Austen",
    "publisher": "T. Egerton, Whitehall",
    "ISBN": "9780141439518",
    "categories": "Classic, Romance, British Literature",
    "cover_image": "https://example.com/covers/pride-and-prejudice.jpg"
  }
]
