[
  {
    "DVD_id": 1,
    "title": "The Adventures of Time Travelers",
    "director": "Sarah Connor",
    "production_year": 2022,
    "categories": "Science Fiction, Adventure, Action"
  },
  {
    "DVD_id": 2,
    "title": "Mastering the Kitchen",
    "director": "Gordon Brown",
    "production_year": 2021,
    "categories": "Cooking, Documentary"
  },
  {
    "DVD_id": 3,
    "title": "Mysteries of the Universe",
    "director": "Dr. Emily Carter",
    "production_year": 2020,
    "categories": "Documentary, Space, Science"
  },
  {
    "DVD_id": 4,
    "title": "Ancient Legends Revisited",
    "director": "Michael T. Davis",
    "production_year": 2019,
    "categories": "History, Mythology, Documentary"
  },
  {
    "DVD_id": 5,
    "title": "The Art of Yoga",
    "director": "Anjali Sharma",
    "production_year": 2023,
    "categories": "Health, Fitness, Lifestyle"
  }
]
